{
    "country": "Liechtenstein",
    "score_2018": 78.1569554581026,
    "score_2020": 77.35860888510983,
    "drop": 0.7983465729927586,
    "so2_2018": 0.1785082751706543,
    "so2_2020": 0.1785082751706543,
    "pm25_2018": 0.0422863521415502,
    "pm25_2020": 0.0422863521415502,
    "gdp_2018": 0.6812850074255459,
    "gdp_2020": 0.6410899328218453
}
